LIDNUM,NAME,LAT,LONG,MAX_AGE,MIN_AGE,NOTES,NB_SPCS,LIST_SPCS

,Early Miocene,,,23.03,15.2,,,
28736,Chibaerwoyi-East (XJULG1709)-2,46.61666666666667,88.5,18.524,18.056,,13,Artiodactyla Anthracotheriidae indet. indet.;Artiodactyla Bovidae Eotragus halamagaiensis;Artiodactyla Bovidae Turcocerus indet.;Artiodactyla Bovidae indet. indet.;Artiodactyla Cervidae Ligeromeryx indet.;Artiodactyla Cervidae Stephanocemas thomsoni;Artiodactyla Giraffidae indet. indet.;Artiodactyla Moschidae Hispanomeryx indet.;Artiodactyla Moschidae Micromeryx indet.;Perissodactyla Equidae Anchitherium aurelianense;Perissodactyla Rhinocerotidae Chilotherium indet.;Proboscidea Gomphotheriidae Choerolophodon indet.;Proboscidea Gomphotheriidae Platybelodon danovi
27706,Dagshai,30.879722222222203,77.045,20.44,15.97,,8,Artiodactyla Anthracotheriidae Parabrachyodus hyopotamoides;Artiodactyla Anthracotheriidae Sivameryx palaeindicus;Artiodactyla Giraffidae Giraffokeryx punjabiensis;Artiodactyla Suidae Tetraconodon indet.;Artiodactyla Tragulidae Dorcatherium minus;Perissodactyla Rhinocerotidae Brachypotherium indet.;Proboscidea Deinotheriidae Deinotherium sindiense;Proboscidea Gomphotheriidae indet. indet.
28734,Damiao 16,42,111.55,21.083,20.213,,5,Artiodactyla Cervidae Lagomeryx indet.;Artiodactyla Cervidae Stephanocemas sp.;Artiodactyla Cervidae indet. indet.;Artiodactyla Moschidae Micromeryx indet.;Perissodactyla Rhinocerotidae indet. indet.
26496,Danghe-xishuigou,39.5,95,19.722,18.056,,4,Artiodactyla Bovidae Turcocerus indet.;Artiodactyla Hoplitomerycidae Amphimoschus artenensis;Primates Catarrhini Kansupithecus indet.;Proboscidea Gomphotheriidae Platybelodon dangheensis
26595,Dera Bugti 3bis,29,69,23.03,20.44,,6,Perissodactyla Chalicotheriidae Schizotherium pilgrimi;Perissodactyla Rhinocerotidae Bugtirhinus praecursor;Perissodactyla Rhinocerotidae Dicerorhinus abeli;Perissodactyla Rhinocerotidae Dicerorhinus shahbazi;Perissodactyla Rhinocerotidae Plesiaceratherium naricum;Proboscidea Deinotheriidae Prodeinotherium indet.
21667,Dera Bugti 4,29.033,69.15,19.5,17.2,,18,Artiodactyla Anthracotheriidae Parabrachyodus hyopotamoides;Artiodactyla Anthracotheriidae Sivameryx palaeindicus;Artiodactyla Suidae Bunolistriodon affinis;Artiodactyla Tragulidae Dorcatherium indet.;Artiodactyla Tragulidae Siamotragulus bugtiensis;Artiodactyla Tragulidae Siamotragulus indicus;Perissodactyla Chalicotheriidae Phyllotillon nariscus;Perissodactyla Chalicotheriidae Schizotherium pilgrimi;Perissodactyla Rhinocerotidae Brachypotherium perimense;Perissodactyla Rhinocerotidae Bugtirhinus praecursor;Perissodactyla Rhinocerotidae Caementodon oettingenae;Perissodactyla Rhinocerotidae Dicerorhinus abeli;Perissodactyla Rhinocerotidae Dicerorhinus shahbazi;Perissodactyla Rhinocerotidae Plesiaceratherium indet.;Perissodactyla Rhinocerotidae Pleuroceros blanfordi;Perissodactyla Rhinocerotidae Protaceratherium indet.;Proboscidea Deinotheriidae Prodeinotherium pentapotamiae;Proboscidea Gomphotheriidae Gomphotherium indet.
21668,Dera Bugti 5,29.033,69.15,19.5,17.2,,7,Artiodactyla Anthracotheriidae Parabrachyodus hyopotamoides;Artiodactyla Anthracotheriidae Sivameryx palaeindicus;Perissodactyla Rhinocerotidae Aprotodon fatehjangense;Proboscidea Deinotheriidae Prodeinotherium pentapotamiae;Proboscidea Gomphotheriidae Choerolophodon corrugatus;Proboscidea Gomphotheriidae Gomphotherium cooperi;Proboscidea Mammutidae Miomastodon metachinjiensis
21669,Dera Bugti 6,29.033,69.15,17.2,16.4,,16,Artiodactyla Bovidae Eotragus minus;Artiodactyla Giraffidae Progiraffa exigua;Artiodactyla Suidae Bunolistriodon guptai;Artiodactyla Tragulidae Dorcabune welcommi;Artiodactyla Tragulidae Dorcatherium parvum;Artiodactyla Tragulidae Siamotragulus indicus;Perissodactyla Rhinocerotidae Brachypotherium perimense;Perissodactyla Rhinocerotidae Dicerorhinus abeli;Perissodactyla Rhinocerotidae Dicerorhinus shahbazi;Perissodactyla Rhinocerotidae Hoploaceratherium indet.;Perissodactyla Rhinocerotidae Pleuroceros blanfordi;Proboscidea Deinotheriidae Prodeinotherium pentapotamiae;Proboscidea Gomphotheriidae Choerolophodon corrugatus;Proboscidea Gomphotheriidae Gomphotherium browni;Proboscidea Gomphotheriidae Protanancus chinjiensis;Proboscidea Mammutidae Miomastodon metachinjiensis
26498,Guanghe-dalanggou,35.466666666666704,103.466666666667,17,15.2,,3,Artiodactyla Suidae Kubanochoerus indet.;Perissodactyla Rhinocerotidae Alicornops indet.;Proboscidea Gomphotheriidae Gomphotherium indet.
26499,Guanghe-wangshijie,35.5166666666667,103.5,17,15.2,,5,Perissodactyla Chalicotheriidae Chalicotherium indet.;Perissodactyla Equidae Anchitherium indet.;Perissodactyla Rhinocerotidae Alicornops laogouense;Perissodactyla Rhinocerotidae Hispanotherium matritense;Proboscidea Gomphotheriidae Gomphotherium indet.
24048,Hang Mon I,20.936,104.37,23.03,20.44,,6,Artiodactyla Suidae Hyotherium youngi;Artiodactyla Tragulidae Dorcabune indet.;Artiodactyla Tragulidae Dorcatherium indet.;Perissodactyla Rhinocerotidae Bugtirhinus indet.;Perissodactyla Rhinocerotidae Pleuroceros blanfordi;Perissodactyla Rhinocerotidae Protaceratherium indet.
24505,Lanzhou-zhangjiaping,36,104,22.8,20,,4,Artiodactyla Entelodontidae Paraentelodon indet.;Perissodactyla Chalicotheriidae Phyllotillon huangheensis;Perissodactyla Rhinocerotidae Aprotodon lanzhouensis;Proboscidea Gomphotheriidae indet. indet.
24054,Li Mae Long,17.7128,98.9063888888889,17.2,16.4,,8,Artiodactyla Bovidae Homoiodorcas indet.;Artiodactyla Cervidae Stephanocemas rucha;Artiodactyla Suidae Sivachoerus sindiensis;Artiodactyla Tragulidae Siamotragulus haripounchai;Perissodactyla Rhinocerotidae indet. indet.;Primates Lorisidae Nycticebus linglom;Primates Tarsiidae Tarsius thailandicus;Proboscidea Stegodontidae Stegolophodon indet.
23194,Mae Soi,19.333,97.833,17.2,16.4,,5,Artiodactyla Anthracotheriidae indet. indet.;Artiodactyla Suidae indet. indet.;Artiodactyla Tragulidae indet. indet.;Perissodactyla Rhinocerotidae indet. indet.;Proboscidea Gomphotheriidae Archaeobelodon indet.
26453,Puzhen-zhutoushan,32.1666666666667,118.666666666667,20,17,,5,Artiodactyla Cervidae Dicrocerus elegans;Artiodactyla Cervidae Lagomeryx colberti;Artiodactyla Suidae Hyotherium indet.;Perissodactyla Rhinocerotidae Brachypotherium indet.;Proboscidea Mastodontidae indet. indet.
20623,Shanwang,32.0167,116.4917,17,15.2,,17,Artiodactyla Cervidae Lagomeryx colberti;Artiodactyla Cervidae Stephanocemas thomsoni;Artiodactyla Giraffidae indet. indet.;Artiodactyla Palaeomerycidae Palaeomeryx tricornis;Artiodactyla Suidae Bunolistriodon indet.;Artiodactyla Suidae Hyotherium youngi;Artiodactyla Suidae indet. indet.;Perissodactyla Chalicotheriidae Anisodon grande;Perissodactyla Rhinocerotidae Aceratherium indet.;Perissodactyla Rhinocerotidae Brachypotherium shanwangensis;Perissodactyla Rhinocerotidae Diaceratherium indet.;Perissodactyla Rhinocerotidae Plesiaceratherium gracile;Perissodactyla Rhinocerotidae Plesiaceratherium shanwangensis;Perissodactyla Rhinocerotidae indet. indet.;Perissodactyla Tapiridae Palaeotapirus xiejiaheensis;Perissodactyla Tapiridae Plesiotapirus yagii;Proboscidea Gomphotheriidae Gomphotherium indet.
24524,Sihong-shuanggou,33.25,118.2,17.2,16.4,,5,Artiodactyla Cervidae Dicrocerus indet.;Artiodactyla Cervidae Stephanocemas indet.;Artiodactyla Suidae indet. indet.;Artiodactyla Tragulidae Dorcatherium indet.;Proboscidea Stegodontidae Stegolophodon hueiheensis
24525,Sihong-songlinzhuang,33.3,118.25,17.2,16.4,,12,Artiodactyla Cervidae Dicrocerus indet.;Artiodactyla Cervidae Lagomeryx indet.;Artiodactyla Cervidae Stephanocemas indet.;Artiodactyla Giraffidae Palaeotragus indet.;Artiodactyla Hoplitomerycidae Amphimoschus indet.;Artiodactyla Moschidae Micromeryx indet.;Artiodactyla Suidae indet. indet.;Artiodactyla Tragulidae Dorcatherium orientale;Perissodactyla Equidae Anchitherium indet.;Primates Dionysopithecidae Dionysopithecus shuangouensis;Primates Dionysopithecidae Platodontopithecus jianghuaiensis;Proboscidea Stegodontidae Stegolophodon hueiheensis
28899,Tangkou fissure,31.089667,118.096167,19.097333333333335,17.131,,3,Artiodactyla Suidae Kubanochoerus indet.;Primates Crouzeliidae Fanchangia jini;Proboscidea Gomphotheriidae Platybelodon indet.
29079,Xuyu_dougoukuang,32.85,118.41666666666667,17.2,16.4,,4,Artiodactyla Cervidae indet. indet.;Artiodactyla Palaeomerycidae Palaeomeryx indet.;Perissodactyla Rhinocerotidae Plesiaceratherium indet.;Proboscidea Gomphotheriidae Gomphotherium indet.
26586,Zinda Pir (Vihowa),30.1,70.1,19.722,18.748,,13,Artiodactyla Anthracotheriidae Sivameryx indet.;Artiodactyla Bovidae Elachistoceras indet.;Artiodactyla Bovidae Eotragus noyei;Artiodactyla Bovidae Hypsodontus indet.;Artiodactyla Climacoceratidae Prolibytherium fusus;Artiodactyla Giraffidae Giraffokeryx indet.;Artiodactyla Suidae Listriodon indet.;Artiodactyla Suidae Sanitherium indet.;Artiodactyla Tragulidae Dorcatherium minimus;Perissodactyla Chalicotheriidae indet. indet.;Perissodactyla Rhinocerotidae indet. indet.;Proboscidea Deinotheriidae Deinotherium indet.;Proboscidea Gomphotheriidae Gomphotherium indet.

,Middle Miocene,,,15.5,11.056,,,
26583,Chaungtha,22.9166666666667,94.0833333333333,13.82,11.63,,5,Artiodactyla Bovidae indet. indet.;Artiodactyla Suidae Tetraconodon thailandicus;Artiodactyla Tragulidae Siamotragulus sanyathanai;Perissodactyla Rhinocerotidae Brachypotherium fatehjangense;Proboscidea Gomphotheriidae indet. indet.
23192,Chiang Muan_I,18.933,100.233,13.032,12.474,,7,Artiodactyla Bovidae indet. indet.;Artiodactyla Palaeochoeridae Pecarichoerus sminthos;Artiodactyla Suidae Parachleuastochoerus steinheimensis;Artiodactyla Tragulidae Dorcatherium indet.;Perissodactyla Rhinocerotidae Subchilotherium intermedium;Primates Hominidae Lufengpithecus chiangmuanensis;Proboscidea Gomphotheriidae Tetralophodon xiaolongtanensis
28737,Chibaerwoyi-East (XJULG1709)-3,46.61666666666667,88.5,15.5,11.63,,6,Artiodactyla Cervidae Stephanocemas thomsoni;Primates Pliopithecidae Pliopithecus indet.;Proboscidea Gomphotheriidae Gomphotherium connexum;Proboscidea Gomphotheriidae Gomphotherium steinheimense;Proboscidea Gomphotheriidae Platybelodon danovi;Proboscidea Mammutidae Zygolophodon indet.
28110,Damiao 01,42.0087222222222,111.580555555556,12.174,12.049,,5,Artiodactyla Cervidae Euprox alticus;Artiodactyla Cervidae Stephanocemas indet.;Artiodactyla Moschidae Micromeryx indet.;Primates Pliopithecidae Pliopithecus indet.;Proboscidea indet. indet. indet.
26568,Dang Valley,28,82.3333333333333,12.85,11.2,,9,Artiodactyla Anthracotheriidae Hemimeryx pusillus;Artiodactyla Bovidae Protragocerus gluten;Artiodactyla Suidae Sivachoerus sindiensis;Artiodactyla Tragulidae Dorcabune indet.;Artiodactyla Tragulidae Dorcatherium minus;Perissodactyla Rhinocerotidae Brachypotherium perimense;Primates Hominidae Sivapithecus punjabicus;Proboscidea Deinotheriidae Prodeinotherium pentapotamiae;Proboscidea Gomphotheriidae indet. indet.
26596,Dera Bugti W,29,69,12.85,11.2,,4,Artiodactyla Suidae Listriodon pentapotamiae;Perissodactyla Chalicotheriidae Macrotherium indet.;Perissodactyla Rhinocerotidae Aprotodon fatehjangense;Perissodactyla Rhinocerotidae Brachypotherium perimense
24470,Fangxian,32.1,110.7,12.5,11.2,,5,Artiodactyla Bovidae Turcocerus noverca;Artiodactyla Suidae Listriodon splendens;Perissodactyla Equidae Anchitherium gobiensis;Perissodactyla Rhinocerotidae Tesselodon fangxianensis;Proboscidea Mammutidae Zygolophodon nemonguensis
26500,Hezheng-laogou,36.466666666666704,103.416666666667,14.2,12.85,,11,Artiodactyla Bovidae Turcocerus indet.;Artiodactyla Giraffidae Palaeotragus tungurensis;Artiodactyla Suidae Kubanochoerus gigas;Artiodactyla Suidae Listriodon splendens;Perissodactyla Equidae Anchitherium gobiensis;Perissodactyla Rhinocerotidae Alicornops laogouense;Perissodactyla Rhinocerotidae Hispanotherium matritense;Primates Pliopithecidae Pliopithecus indet.;Proboscidea Gomphotheriidae Gomphotherium indet.;Proboscidea Gomphotheriidae Platybelodon grangeri;Proboscidea Mammutidae Zygolophodon indet.
20625,Jiulongkou,37,114,15.2,12.5,,9,Artiodactyla Bovidae Oioceros jiulongkouensis;Artiodactyla Cervidae Dicrocerus indet.;Artiodactyla Cervidae Stephanocemas indet.;Artiodactyla Palaeomerycidae Palaeomeryx indet.;Perissodactyla Chalicotheriidae Macrotherium indet.;Perissodactyla Rhinocerotidae Chilotherium indet.;Perissodactyla Rhinocerotidae Dicerorhinus indet.;Perissodactyla Rhinocerotidae Lartetotherium cixianensis;Perissodactyla Rhinocerotidae Plesiaceratherium gracile
20968,Junggar-Botamoyin,46,89,15.2,12.5,,8,Artiodactyla Bovidae Eotragus halamagaiensis;Artiodactyla Cervidae Dicrocerus grangeri;Artiodactyla Cervidae Lagomeryx indet.;Artiodactyla Cervidae Stephanocemas thomsoni;Artiodactyla Palaeomerycidae Palaeomeryx indet.;Proboscidea Gomphotheriidae Gomphotherium subtapiroideum;Proboscidea Gomphotheriidae Platybelodon indet.;Proboscidea Mammutidae Miomastodon indet.
26478,Junggar-chibaerwoyi,47,88,15.2,12.5,,5,Artiodactyla Bovidae Eotragus halamagaiensis;Artiodactyla Cervidae Stephanocemas thomsoni;Perissodactyla Equidae Anchitherium gobiensis;Perissodactyla Rhinocerotidae Chilotheridium indet.;Proboscidea Mammutidae Zygolophodon indet.
26477,Junggar-duolebulejin,46.42,87.48,12.5,11.2,,8,Artiodactyla Bovidae Turcocerus kekemaidengensis;Artiodactyla Cervidae Dicrocerus grangeri;Artiodactyla Cervidae Stephanocemas thomsoni;Artiodactyla Suidae Kubanochoerus indet.;Perissodactyla Rhinocerotidae Brachypotherium indet.;Perissodactyla Rhinocerotidae Chilotherium habereri;Proboscidea Elephantidae Mammuthus indet.;Proboscidea Gomphotheriidae Platybelodon indet.
20973,Junggar-Ganqikairixi,46,89,15.2,12.5,,3,Artiodactyla Cervidae Lagomeryx indet.;Artiodactyla Cervidae Stephanocemas thomsoni;Perissodactyla Rhinocerotidae Chilotherium indet.
20975,Junggar-Tieersihabahe,46.6666666666667,88.5066666666667,15.2,12.5,,5,Artiodactyla Bovidae Eotragus halamagaiensis;Artiodactyla Cervidae Stephanocemas thomsoni;Perissodactyla Equidae Anchitherium gobiensis;Primates Pliopithecidae Pliopithecus bii;Proboscidea Gomphotheriidae Gomphotherium indet.
23193,Kaiyuan-Xiaolongtan,23.5833333333333,103.25,12.735,11.592,,9,Artiodactyla Cervidae Euprox indet.;Artiodactyla Suidae Parachleuastochoerus steinheimensis;Artiodactyla Suidae Propotamochoerus hyotheriodes;Perissodactyla Tapiridae Tapirus yunnanensis;Primates Hominidae Dryopithecus keiyuanensis;Primates Hominidae Lufengpithecus keiyuanensis;Proboscidea Gomphotheriidae Gomphotherium macrognathus;Proboscidea Gomphotheriidae Tetralophodon xiaolongtanensis;Proboscidea Mammutidae Zygolophodon chinjiensis
24499,Lantian-gaopo-64004,34,109,12.5,11.2,,3,Artiodactyla Bovidae Kubanotragus gaopoensis;Artiodactyla Cervidae Lagomeryx complicidens;Proboscidea Gomphotheriidae Platybelodon grangeri
20927,Lantian-gaopo-64008,34.1,109.3,12.5,11.2,,4,Artiodactyla Bovidae Hypsodontus gaopense;Artiodactyla Cervidae Lagomeryx complicidens;Proboscidea Gomphotheriidae Gomphotherium subtapiroideum;Proboscidea Gomphotheriidae Platybelodon grangeri
24596,Lanzhou-Quantougou,36.1166666666667,103.6667,12.5,11.2,,3,Artiodactyla Suidae Kubanochoerus gigas;Perissodactyla Rhinocerotidae Rhinoceros indet.;Proboscidea Gomphotheriidae Gomphotherium wimani
20925,Lintong-lengshuigou,34.1,109.3,12.5,11.2,,10,Artiodactyla Bovidae Turcocerus lishanensis;Artiodactyla Bovidae gen. sp.;Artiodactyla Giraffidae Palaeotragus indet.;Artiodactyla Moschidae Micromeryx indet.;Artiodactyla Palaeomerycidae Palaeomeryx indet.;Artiodactyla Suidae Listriodon splendens;Perissodactyla Equidae indet. indet.;Perissodactyla Rhinocerotidae Hispanotherium matritense;Proboscidea Gomphotheriidae Platybelodon indet.;Proboscidea Gomphotheriidae Selenolophodon spectabilis
24511,Liuhe-lingyanshan,32,121,15.2,12.5,,3,Artiodactyla Suidae Propotamochoerus palaeochoerus;Perissodactyla Rhinocerotidae Acerorhinus zernowi;Proboscidea Gomphotheriidae Tetralophodon indet.
24059,Mae Moh,18.2611,99.7042,13.363,13.183,,7,Artiodactyla Cervidae Stephanocemas rucha;Artiodactyla Suidae Conohyus simorrensis;Perissodactyla Rhinocerotidae Gaindatherium indet.;Primates Sivaladapidae Siamoadapis maemohensis;Primates Tarsiidae Tarsius sirindhornae;Proboscidea Gomphotheriidae Gomphotherium browni;Proboscidea Stegodontidae Stegolophodon latidens
20978,Minhe-lierbao,36.6,102.8,12.5,11.2,,8,Artiodactyla Bovidae Oioceros noverca;Artiodactyla Bovidae Sinopalaeoceros xiejiaensis;Artiodactyla Cervidae Stephanocemas chinghaiensis;Artiodactyla Moschidae Micromeryx indet.;Artiodactyla Suidae Kubanochoerus minheensis;Perissodactyla Rhinocerotidae Elasmotherium indet.;Proboscidea Gomphotheriidae Gomphotherium connexum;Proboscidea Gomphotheriidae Gomphotherium wimani
20985,Minhe-nanhawangou,36.3,102.9,12.5,11.2,,4,Artiodactyla Bovidae Oioceros noverca;Artiodactyla Moschidae Micromeryx indet.;Artiodactyla Suidae Kubanochoerus minheensis;Proboscidea Gomphotheriidae Gomphotherium wimani
29040,Palasava,23.438333333333333,70.99027777777778,14.895,13.09,,10,Artiodactyla Anthracotheriidae Sivameryx palaeindicus;Artiodactyla Bovidae indet. indet.;Artiodactyla Suidae Sanitherium schlagintweiti;Artiodactyla Suidae indet. indet.;Artiodactyla Tragulidae indet. indet.;Artiodactyla indet. indet. indet.;Perissodactyla Rhinocerotidae Brachypotherium perimense;Proboscidea Deinotheriidae Deinotherium sindiense;Proboscidea Gomphotheriidae Gomphotherium indet.;Proboscidea Mammutidae Zygolophodon indet.
26502,Qaidam-Olongbuluk,37.166666666666664,96.33333333333333,14.07,12.474,,5,Artiodactyla Cervidae Dicrocerus indet.;Artiodactyla Cervidae Lagomeryx tsaidamensis;Artiodactyla Cervidae Stephanocemas indet.;Perissodactyla Rhinocerotidae Acerorhinus tsaidamensis;Perissodactyla Rhinocerotidae Hispanotherium matritense
29064,Qaidam_naoge,36.86666666666667,97.33333333333333,14.07,11.056,,5,Artiodactyla Cervidae Lagomeryx indet.;Artiodactyla Cervidae Stephanocemas indet.;Artiodactyla Cervidae indet. indet.;Perissodactyla Rhinocerotidae Chilotherium indet.;Perissodactyla Rhinocerotidae Hispanotherium matritense
26570,Ramangar,33.6916666666667,76.9333333333333,13.82,11.63,,27,Artiodactyla Anthracotheriidae Anthracotherium punjabiense;Artiodactyla Anthracotheriidae Hemimeryx pusillus;Artiodactyla Bovidae Helicoportax praecox;Artiodactyla Bovidae Helicoportax tragelaphoides;Artiodactyla Bovidae Kubanotragus sokolovi;Artiodactyla Bovidae Miotragocerus indet.;Artiodactyla Bovidae Protragocerus gluten;Artiodactyla Giraffidae Giraffa priscilla;Artiodactyla Giraffidae Giraffokeryx punjabiensis;Artiodactyla Giraffidae Progiraffa indet.;Artiodactyla Suidae Hippopotamodon haydeni;Artiodactyla Suidae Listriodon pentapotamiae;Artiodactyla Suidae Sivachoerus indicus;Artiodactyla Suidae Sivachoerus sindiensis;Artiodactyla Tragulidae Dorcabune anthracotherioides;Artiodactyla Tragulidae Dorcatherium minus;Perissodactyla Chalicotheriidae Chalicotherium indet.;Perissodactyla Rhinocerotidae Brachypotherium perimense;Perissodactyla Rhinocerotidae Chilotheridium indet.;Perissodactyla Rhinocerotidae Gaindatherium browni;Primates Adapidae Sivaladapis palaeindicus;Primates Hominidae Sivapithecus indicus;Primates Hominidae Sivapithecus simonsi;Primates Hominidae Sivapithecus sivalensis;Proboscidea Deinotheriidae Prodeinotherium sp.;Proboscidea Gomphotheriidae Gomphotherium indet.;Proboscidea Gomphotheriidae Tetralophodon indet.
24220,Tairum Nor,43.4147,113.1183,14.2,12.85,,5,Artiodactyla Cervidae Dicrocerus sp.;Artiodactyla Cervidae Stephanocemas sp.;Perissodactyla Rhinocerotidae Acerorhinus zernowi;Perissodactyla Rhinocerotidae Hispanotherium matritense;Proboscidea Gomphotheriidae Platybelodon grangeri
23195,Tha Chang 1,15,102.333,12.85,11.2,,4,Perissodactyla Rhinocerotidae Brachypotherium indet.;Proboscidea Deinotheriidae Prodeinotherium indet.;Proboscidea Gomphotheriidae Gomphotherium indet.;Proboscidea Gomphotheriidae Protanancus chinjiensis
29177,Thanbinkan,21.966666666666665,95.36666666666666,14.2,11.2,,6,Artiodactyla Anthracotheriidae Microbunodon silistrense;Artiodactyla Anthracotheriidae indet. indet.;Artiodactyla Suidae Tetraconodon thailandicus;Perissodactyla Rhinocerotidae Brachypotherium perimense;Proboscidea Deinotheriidae Prodeinotherium indet.;Proboscidea Gomphotheriidae Choerolophodon corrugatus
20624,Tongxin,36.984,105.907,14.2,12.85,,6,Artiodactyla Bovidae Hypsodontus indet.;Artiodactyla Suidae Kubanochoerus gigas;Perissodactyla Chalicotheriidae Ancylotherium indet.;Perissodactyla Rhinocerotidae Procoelodonta mongoliense;Primates Pliopithecidae Pliopithecus indet.;Proboscidea Gomphotheriidae Platybelodon danovi
24531,Tongxin-dingjiaergou,37,106,15.2,12.5,,8,Artiodactyla Bovidae Eotragus halamagaiensis;Artiodactyla Cervidae Stephanocemas thomsoni;Artiodactyla Moschidae Moschus indet.;Artiodactyla Suidae Bunolistriodon intermedius;Artiodactyla Suidae Kubanochoerus gigas;Perissodactyla Chalicotheriidae Chalicotherium indet.;Perissodactyla Rhinocerotidae Hispanotherium matritense;Proboscidea Gomphotheriidae Platybelodon danovi
24532,Tongxin-gujiazhuang,37,106,15.2,12.5,,3,Artiodactyla Suidae Bunolistriodon intermedius;Proboscidea Gomphotheriidae Platybelodon danovi;Proboscidea Mammutidae Miomastodon tongxinensis
24534,Tongxin-maerzuizigou,37,106,15.2,12.5,taxonomy only genus level,4,Artiodactyla Suidae Bunolistriodon intermedius;Artiodactyla Suidae Kubanochoerus gigas;Primates Pliopithecidae Pliopithecus indet.;Proboscidea Gomphotheriidae Platybelodon danovi
24535,Tongxin-shataigou,37,106,15.2,12.5,,3,Artiodactyla Suidae Bunolistriodon intermedius;Artiodactyla Suidae Kubanochoerus gigas;Proboscidea Gomphotheriidae Platybelodon danovi
27765,Tunggur- ALU,43.789166666666695,113.085,12.85,11.2,,7,Artiodactyla Bovidae Turcocerus grangeri;Artiodactyla Bovidae Turcocerus noverca;Artiodactyla Cervidae Dicrocerus indet.;Artiodactyla Cervidae Euprox grangeri;Artiodactyla Cervidae Metacervulus mongoliensis;Artiodactyla Cervidae Stephanocemas thomsoni;Perissodactyla Rhinocerotidae Acerorhinus zernowi
27752,Tunggur- DA,43.54277777777779,112.631111111111,12.85,11.2,,5,Artiodactyla Bovidae Turcocerus noverca;Artiodactyla Cervidae Dicrocerus indet.;Artiodactyla Cervidae Stephanocemas thomsoni;Artiodactyla Moschidae Micromeryx indet.;Proboscidea Gomphotheriidae Platybelodon grangeri
27763,Tunggur- HU,43.789166666666695,113.139722222222,12.85,11.2,,9,Artiodactyla Cervidae Dicrocerus indet.;Artiodactyla Cervidae Euprox grangeri;Artiodactyla Cervidae Lagomeryx triacuminatus;Artiodactyla Cervidae Stephanocemas thomsoni;Artiodactyla Suidae Kubanochoerus indet.;Perissodactyla Chalicotheriidae Chalicotherium brevirostris;Perissodactyla Equidae Anchitherium gobiensis;Proboscidea Gomphotheriidae Platybelodon grangeri;Proboscidea Mammutidae Zygolophodon indet.
27756,Tunggur- MC,43.6388888888889,112.750277777778,12.85,11.2,,5,Artiodactyla Bovidae Turcocerus noverca;Artiodactyla Cervidae Dicrocerus indet.;Perissodactyla Rhinocerotidae Acerorhinus zernowi;Perissodactyla Rhinocerotidae Hispanotherium tungurense;Proboscidea Gomphotheriidae Platybelodon grangeri
27761,Tunggur- MOII,43.744722222222194,112.900555555556,12.85,11.2,,3,Artiodactyla Bovidae Turcocerus grangeri;Artiodactyla Cervidae Dicrocerus indet.;Proboscidea Gomphotheriidae Platybelodon grangeri
27754,Tunggur- ZH,43.6019444444444,112.683611111111,12.85,11.2,,4,Artiodactyla Bovidae Turcocerus noverca;Artiodactyla Cervidae Lagomeryx triacuminatus;Artiodactyla Cervidae Stephanocemas indet.;Proboscidea Mammutidae Miomastodon gobiensis
27755,Tunggur-AC,43.6147222222222,112.716944444444,12.85,11.2,,3,Artiodactyla Bovidae Turcocerus noverca;Perissodactyla Equidae Anchitherium gobiensis;Proboscidea Gomphotheriidae Platybelodon grangeri
20621,Tunggur-Moergen,43,112,12.85,11.2,,17,Artiodactyla Bovidae Turcocerus grangeri;Artiodactyla Bovidae Turcocerus noverca;Artiodactyla Cervidae Dicrocerus grangeri;Artiodactyla Cervidae Dicrocerus sp.;Artiodactyla Cervidae Euprox grangeri;Artiodactyla Cervidae Lagomeryx triacuminatus;Artiodactyla Cervidae Stephanocemas thomsoni;Artiodactyla Giraffidae Palaeotragus tungurensis;Artiodactyla Moschidae Micromeryx indet.;Artiodactyla Suidae Kubanochoerus indet.;Artiodactyla Suidae Listriodon splendens;Perissodactyla Chalicotheriidae Chalicotherium brevirostris;Perissodactyla Equidae Anchitherium gobiensis;Perissodactyla Rhinocerotidae Acerorhinus zernowi;Perissodactyla Rhinocerotidae Hispanotherium tungurense;Proboscidea Gomphotheriidae Platybelodon grangeri;Proboscidea Mammutidae Miomastodon gobiensis
27753,Tunggur-WC,43.5491666666667,112.661944444444,12.85,11.2,,9,Artiodactyla Bovidae Turcocerus grangeri;Artiodactyla Bovidae Turcocerus noverca;Artiodactyla Giraffidae Palaeotragus tungurensis;Artiodactyla Suidae Listriodon splendens;Perissodactyla Chalicotheriidae Chalicotherium brevirostris;Perissodactyla Equidae Anchitherium gobiensis;Perissodactyla Rhinocerotidae Acerorhinus zernowi;Perissodactyla Rhinocerotidae Hispanotherium tungurense;Proboscidea Gomphotheriidae Platybelodon grangeri
24547,Xinan,34.6622222222222,112.18,12.5,11.2,,5,Artiodactyla Bovidae Prosinotragus indet.;Artiodactyla Bovidae Turcocerus indet.;Artiodactyla Giraffidae Palaeotragus indet.;Artiodactyla Suidae Hyotherium youngi;Artiodactyla Suidae Listriodon splendens


,Early late Miocene,,,12.049,7.2,,,
26569,Butwal,28,82.5,11.63,7.246,,5,Artiodactyla Anthracotheriidae Hemimeryx pusillus;Artiodactyla Bovidae Pachyportax indet.;Artiodactyla Bovidae Sivoreas eremita;Artiodactyla Giraffidae Giraffokeryx punjabiensis;Perissodactyla Equidae Hipparion indet.
29083,Chiang Muan_II,18.933333333333334,100.23333333333333,12.049,9.786,,3,Artiodactyla Suidae Propotamochoerus hyotheriodes;Perissodactyla Rhinocerotidae Subchilotherium intermedium;Primates Hominidae Lufengpithecus chiangmuanensis
28227,Damiao 02,42.0086111111111,111.580555555556,11.657,11.592,,3,Artiodactyla Cervidae Euprox indet.;Artiodactyla Cervidae Stephanocemas indet.;Artiodactyla Moschidae Micromeryx indet.
21670,Dera Bugti Sartaaf,29.033,69.15,9.9,7.6,,3,Artiodactyla Giraffidae Bramatherium perimense;Perissodactyla Equidae Hipparion indet.;Proboscidea Gomphotheriidae Gomphotherium indet.
29086,Khorat_sand pit,15.02638888888889,102.28055555555555,11.63,7.2,,13,Artiodactyla Anthracotheriidae indet. indet.;Artiodactyla Bovidae indet. indet.;Artiodactyla Giraffidae Sivatherium indet.;Artiodactyla Hippopotamidae Hexaprotodon sivalensis;Artiodactyla Suidae Hippopotamodon sivalense;Perissodactyla Equidae Hipparion indet.;Perissodactyla Rhinocerotidae Alicornops complanatum;Perissodactyla Rhinocerotidae Brachypotherium perimense;Perissodactyla Rhinocerotidae Chilotherium palaeosinensis;Primates Hominidae Khoratpithecus piriyai;Proboscidea Deinotheriidae Deinotherium indicum;Proboscidea Gomphotheriidae Gomphotherium indet.;Proboscidea Stegodontidae Stegolophodon indet.
20628,Amuwusu,42.3675,112.7408,11.2,9.5,,5,Artiodactyla Cervidae Dicrocerus indet.;Artiodactyla Moschidae Micromeryx indet.;Perissodactyla Equidae Anchitherium indet.;Perissodactyla Rhinocerotidae indet. indet.;Proboscidea indet. indet. indet.
24920,Guonigou,35.8333333333333,103.75,11.2,9.5,,8,Artiodactyla Bovidae Shaanxispira baheensis;Perissodactyla Equidae Hipparion dongxiangense;Perissodactyla Rhinocerotidae Chilotheridium indet.;Perissodactyla Rhinocerotidae Ningxiatherium euryrhinus;Perissodactyla Rhinocerotidae Ningxiatherium longirhinus;Perissodactyla Rhinocerotidae Parelasmotherium linxiaense;Perissodactyla Rhinocerotidae Parelasmotherium simplum;Proboscidea Gomphotheriidae Tetralophodon exoletus
20627,Qaidam-Tuosu,37.1,96.83333333333333,12.049,9.105,,12,Artiodactyla Bovidae Gazella indet.;Artiodactyla Bovidae Olonbulukia tsaidamensis;Artiodactyla Bovidae Protoryx indet.;Artiodactyla Bovidae Qurliqnoria sp.;Artiodactyla Bovidae Tossunnoria pseudibex;Artiodactyla Bovidae Tsaidamotherium hedini;Artiodactyla Cervidae Dicrocerus indet.;Artiodactyla Cervidae Euprox indet.;Artiodactyla Giraffidae indet. indet.;Perissodactyla Chalicotheriidae Chalicotherium brevirostris;Perissodactyla Equidae Hipparion teilhardi;Proboscidea Gomphotheriidae Tetralophodon indet.
20631,Wuzhong-ganhegou,37.9919,106.2025,11.2,9.5,,4,Artiodactyla Bovidae Qurliqnoria cheni;Perissodactyla Equidae Cormohipparion weihoense;Perissodactyla Rhinocerotidae Acerorhinus tsaidamensis;Proboscidea Gomphotheriidae Tetralophodon exoletus
23198,Sop Mae Tham,16.75,99,11.2,9.9,,7,Artiodactyla Bovidae Miotragocerus indet.;Artiodactyla Suidae Hippopotamodon indet.;Artiodactyla Suidae Propotamochoerus indet.;Artiodactyla Tragulidae indet. indet.;Perissodactyla Equidae indet. indet.;Perissodactyla Rhinocerotidae indet. indet.;Proboscidea Gomphotheriidae Tetralophodon indet.
27705,Pasuda,23.241111111111113,70.18361111111112,11.232,8.282499999999999,,11,Artiodactyla Anthracotheriidae Parabrachyodus hyopotamoides;Artiodactyla Anthracotheriidae Sivameryx palaeindicus;Artiodactyla Giraffidae Giraffa priscilla;Artiodactyla Giraffidae Giraffokeryx punjabiensis;Artiodactyla Suidae Listriodon dukkar;Artiodactyla Suidae Sivachoerus sindiensis;Artiodactyla Suidae Tetraconodon thailandicus;Artiodactyla Tragulidae Dorcatherium minimus;Perissodactyla Rhinocerotidae Brachypotherium indet.;Proboscidea Deinotheriidae Deinotherium sindiense;Proboscidea Gomphotheriidae indet. indet.
29071,Lanzhou_xingjiawan,36.766666666666666,103.21666666666667,11.056,7.695,Age comment: ca 6-5 Ma,5,Artiodactyla Cervidae indet. indet.;Artiodactyla Suidae Chleuastochoerus stehlini;Perissodactyla Equidae Hipparion indet.;Perissodactyla Rhinocerotidae Chilotherium habereri;Proboscidea Stegodontidae Stegodon indet.
24572,Fugu-Laogaochuan-Lamagou,39.229167,110.5213888,8.972,7.2,,14,Artiodactyla Bovidae Gazella gaudryi;Artiodactyla Bovidae Miotragocerus gregarius;Artiodactyla Bovidae Plesiaddax minor;Artiodactyla Bovidae Tragoreas indet.;Artiodactyla Cervidae indet. indet.;Artiodactyla Giraffidae Palaeotragus decipiens;Artiodactyla Giraffidae Samotherium indet.;Perissodactyla Chalicotheriidae Nestoritherium fuguense;Perissodactyla Equidae Hipparion chiai;Perissodactyla Equidae Hipparion fossatum;Perissodactyla Rhinocerotidae Acerorhinus hezhengensis;Perissodactyla Rhinocerotidae Chilotherium habereri;Perissodactyla Rhinocerotidae Sinotherium lagrelii;Proboscidea Gomphotheriidae indet. indet.
24471,Fugu-Laogaochuan-Wangdafuliang,39.229167,110.5213888,9.9,8.9,,8,Artiodactyla Bovidae Gazella indet.;Artiodactyla Bovidae Miotragocerus indet.;Artiodactyla Giraffidae Schansitherium indet.;Perissodactyla Equidae Hipparion indet.;Perissodactyla Rhinocerotidae Acerorhinus fuguensis;Perissodactyla Rhinocerotidae Chilotherium wimani;Perissodactyla Rhinocerotidae Sinotherium indet.;Proboscidea Gomphotheriidae Platybelodon indet.
26501,Guanghe-sigou,35.4833333333333,103.5,9.9,8.9,,6,Artiodactyla Bovidae Miotragocerus indet.;Artiodactyla Suidae Chleuastochoerus stehlini;Perissodactyla Equidae Hipparion indet.;Perissodactyla Rhinocerotidae Acerorhinus hezhengensis;Perissodactyla Rhinocerotidae Chilotherium wimani;Proboscidea Gomphotheriidae Tetralophodon indet.
24921,Hezheng-Dashengou,35.85,103.7333,9.9,8.9,,26,Artiodactyla Bovidae Dorcadoryx triquetricornis;Artiodactyla Bovidae Gazella gaudryi;Artiodactyla Bovidae Hezhengia bohlini;Artiodactyla Bovidae Lantiantragus longirostralis;Artiodactyla Bovidae Miotragocerus indet.;Artiodactyla Bovidae Protoryx indet.;Artiodactyla Bovidae Qurliqnoria cheni;Artiodactyla Bovidae Shaanxispira baheensis;Artiodactyla Bovidae Shaanxispira chowi;Artiodactyla Bovidae Tossunnoria pseudibex;Artiodactyla Bovidae Tsaidamotherium hedini;Artiodactyla Cervidae Dicrocerus indet.;Artiodactyla Cervidae Eostyloceros blainvillei;Artiodactyla Giraffidae Honanotherium schlosseri;Artiodactyla Giraffidae Palaeotragus decipiens;Artiodactyla Giraffidae Palaeotragus microdon;Artiodactyla Giraffidae Samotherium indet.;Artiodactyla Suidae Chleuastochoerus stehlini;Perissodactyla Equidae Cormohipparion weihoense;Perissodactyla Equidae Hipparion chiai;Perissodactyla Rhinocerotidae Acerorhinus fuguensis;Perissodactyla Rhinocerotidae Acerorhinus hezhengensis;Perissodactyla Rhinocerotidae Acerorhinus tsaidamensis;Perissodactyla Rhinocerotidae Chilotherium wimani;Perissodactyla Rhinocerotidae Iranotherium morgani;Proboscidea Gomphotheriidae Tetralophodon exoletus
28216,Magway,20.1097222222222,95.11166666666671,8.108,7.695,,13,Artiodactyla Anthracotheriidae Merycopotamus medioximus;Artiodactyla Bovidae indet. indet.;Artiodactyla Palaeochoeridae Schizoporcus indet.;Artiodactyla Suidae Hippopotamodon sivalense;Artiodactyla Suidae Propotamochoerus hysudricus;Artiodactyla Suidae Tetraconodon minor;Artiodactyla Tragulidae indet. indet.;Perissodactyla Chalicotheriidae indet. indet.;Perissodactyla Equidae Hipparion indet.;Perissodactyla Rhinocerotidae indet. indet.;Primates Hominidae Khoratpithecus ayeyarwadyensis;Proboscidea Gomphotheriidae Tetralophodon indet.;Proboscidea Stegodontidae Stegolophodon indet.
24487,Lantian-12,34.20935,109.194167,9.786,9.764333333333333,,6,Artiodactyla Bovidae Gazella sp.;Artiodactyla Bovidae Lantiantragus longirostralis;Artiodactyla Bovidae gen. sp.;Perissodactyla Equidae Hipparion sp.;Perissodactyla Rhinocerotidae Chilotherium sp.;Perissodactyla Rhinocerotidae Stephanorhinus orientalis
29082,Hari Devi I,31.531666666666666,76.6375,9.531,7.432,,4,Artiodactyla Bovidae indet. indet.;Perissodactyla Equidae Hipparion indet.;Primates Hominidae Sivapithecus indicus;Primates Hominidae Sivapithecus sivalensis
29091,Kalagarh,28.333333333333332,78.76666666666667,9.531,7.432,,6,Artiodactyla Anthracotheriidae Sivameryx indet.;Artiodactyla Bovidae Dorcadoxa prorrecticornis;Artiodactyla Tragulidae Dorcatherium majus;Artiodactyla Tragulidae Dorcatherium nagrii;Primates Hominidae Sivapithecus indicus;Primates Hominidae Sivapithecus punjabicus
20630,Biru-Bulong,31.567,93.833,9.5,9,,4,Artiodactyla Bovidae Gazella indet.;Artiodactyla Giraffidae Samotherium indet.;Perissodactyla Equidae Hipparion xizangesis;Perissodactyla Rhinocerotidae Subchilotherium intermedium
26503,Qaidam-shenggou,37.0833333333333,97.25,8.9,7.6,,7,Artiodactyla Bovidae Gazella indet.;Artiodactyla Cervidae Euprox indet.;Perissodactyla Equidae Hipparion chiai;Perissodactyla Equidae Hipparion teilhardi;Perissodactyla Rhinocerotidae Acerorhinus tsaidamensis;Perissodactyla Rhinocerotidae Dicerorhinus ringstroemi;Proboscidea Gomphotheriidae Amebelodon indet.
24922,Yangjiashan,35.8667,103.7667,8.9,7.6,,12,Artiodactyla Bovidae Gazella indet.;Artiodactyla Bovidae Hezhengia bohlini;Artiodactyla Bovidae Protoryx indet.;Artiodactyla Cervidae Cervavitus novorossiae;Artiodactyla Cervidae Metacervulus indet.;Artiodactyla Giraffidae Palaeotragus microdon;Artiodactyla Suidae Chleuastochoerus stehlini;Perissodactyla Equidae Hipparion indet.;Perissodactyla Rhinocerotidae Acerorhinus hezhengensis;Perissodactyla Rhinocerotidae Chilotherium wimani;Perissodactyla Tapiridae Tapirus hezhengensis;Proboscidea Mammutidae Zygolophodon indet.
29066,Yuanmou_Xiaohe,25.713832,101.773388,8.9,7.6,,21,Artiodactyla Cervidae Euprox indet.;Artiodactyla Cervidae Muntiacus indet.;Artiodactyla Cervidae Paracervulus indet.;Artiodactyla Palaeochoeridae Yunnanochoerus gandakasensis;Artiodactyla Suidae Chleuastochoerus indet.;Artiodactyla Suidae Propotamochoerus hyotheriodes;Artiodactyla Tragulidae Dorcabune indet.;Artiodactyla Tragulidae Dorcatherium indet.;Artiodactyla Tragulidae Yunnanotherium indet.;Perissodactyla Chalicotheriidae Macrotherium yuanmouensis;Perissodactyla Equidae Cormohipparion chiai;Perissodactyla Rhinocerotidae Acerorhinus yuanmouensis;Perissodactyla Rhinocerotidae Rhinoceros indet.;Perissodactyla Rhinocerotidae Subchilotherium intermedium;Primates Adapidae Sinoadapis parvus;Primates Hominidae Lufengpithecus hudienensis;Primates Hominidae Yuanmoupithecus indet.;Proboscidea Elephantidae Stegotetrabelodon primitivum;Proboscidea Gomphotheriidae Tetralophodon xiaohensis;Proboscidea Mammutidae Mammut zhepengensis;Proboscidea Stegodontidae Stegodon indet.
29058,Xining_Jiangjiagou,36.686388888888885,102.06416666666667,8.771,8.254,,5,Artiodactyla Cervidae Stephanocemas indet.;Artiodactyla Suidae Kubanochoerus indet.;Perissodactyla Equidae Hipparion dongxiangense;Perissodactyla Rhinocerotidae Chilotherium indet.;Perissodactyla Rhinocerotidae Parelasmotherium indet.
24490,Lantian-30,34.19944444444444,109.22694444444444,8.254,8.2053333333333,,5,Artiodactyla Bovidae Dorcadoryx triquetricornis;Artiodactyla Bovidae gen. sp.;Perissodactyla Chalicotheriidae indet. indet.;Perissodactyla Equidae Hipparion chiai;Perissodactyla Equidae Hipparion sp.
24501,Lantian-shuijiazui-L4(s6),34.1,109.3,8.254,8.205333333333334,,6,Artiodactyla Bovidae Shaanxispira chowi;Artiodactyla Giraffidae Palaeotragus decipiens;Perissodactyla Equidae Cormohipparion weihoense;Perissodactyla Equidae Hipparion chiai;Perissodactyla Rhinocerotidae indet. indet.;Proboscidea Gomphotheriidae Tetralophodon exoletus
24492,Lantian-33,34.18388888888889,109.25,8.108,8.025400000000001,,4,Artiodactyla Bovidae Gazella lydekkeri;Artiodactyla Bovidae gen. sp.;Artiodactyla Cervidae Metacervulus indet.;Artiodactyla Giraffidae Schansitherium tafelli
23040,Lantian-6,34.185694,109.251778,8.108,8.0254,,10,Artiodactyla Bovidae Dorcadoryx orientalis;Artiodactyla Bovidae Gazella lydekkeri;Artiodactyla Bovidae Lantiantragus longirostralis;Artiodactyla Bovidae Shaanxispira baheensis;Artiodactyla Bovidae gen. sp.;Artiodactyla Giraffidae Schansitherium tafelli;Perissodactyla Equidae Hipparion chiai;Perissodactyla Equidae Hipparion sp.;Perissodactyla Rhinocerotidae Acerorhinus indet.;Perissodactyla Rhinocerotidae Stephanorhinus orientalis
24500,Lantian-shuijiazui-L1(s5),34.1,109.3,8.108,8.0254,,8,Artiodactyla Bovidae Dorcadoryx triquetricornis;Artiodactyla Giraffidae Palaeotragus decipiens;Perissodactyla Equidae Cormohipparion weihoense;Perissodactyla Equidae Hipparion chiai;Perissodactyla Equidae Hipparion dermatorhinum;Perissodactyla Rhinocerotidae Brachypotherium sp.;Perissodactyla Rhinocerotidae Stephanorhinus orientalis;Proboscidea Gomphotheriidae Tetralophodon exoletus

,Late Late Miocene,,,7.6,5.3,,,
24477,Jilong-Gyirong,28.8666666666667,85.1833333333333,7.1,5.333,,6,Artiodactyla Bovidae Gazella gaudryi;Artiodactyla Cervidae Metacervulus capreolinus;Artiodactyla Giraffidae Palaeotragus microdon;Perissodactyla Equidae Hipparion chilongensis;Perissodactyla Equidae Hipparion guizhongensis;Perissodactyla Rhinocerotidae Chilotherium xizangensis
20946,Lufeng-shihuiba,25.3,102.4,7.6,7.1,,18,Artiodactyla Bovidae Selenoportax indet.;Artiodactyla Cervidae Dicrocerus indet.;Artiodactyla Cervidae Metacervulus simplex;Artiodactyla Cervidae Muntiacus nanus;Artiodactyla Moschidae Moschus indet.;Artiodactyla Palaeochoeridae Yunnanochoerus lufengensis;Artiodactyla Suidae Potamochoerus indet.;Artiodactyla Suidae Propotamochoerus hyotheriodes;Artiodactyla Suidae Propotamochoerus wui;Artiodactyla Tragulidae Dorcabune progressus;Artiodactyla Tragulidae Yunnanotherium simplex;Perissodactyla Tapiridae Tapirus yunnanensis;Primates Adapidae Sinoadapis carnosus;Primates Adapidae Sinoadapis shihuibaensis;Primates Crouzeliidae Laccopithecus robustus;Primates Hominidae Sivapithecus lufengensis;Proboscidea Gomphotheriidae Tetralophodon exoletus;Proboscidea Mammutidae Zygolophodon lufengensis
24504,Lantian-shuijiazui-s4,34.1,109.3,7.285,7.251,,6,Artiodactyla Bovidae Gazella indet.;Artiodactyla Bovidae gen. sp.;Artiodactyla Giraffidae Palaeotragus microdon;Perissodactyla Equidae Cormohipparion weihoense;Perissodactyla Equidae Hipparion chiai;Perissodactyla Rhinocerotidae Chilotherium habereri
27712,Chaingzauk,21.505,94.5891666666667,7.246,5.333,,13,Artiodactyla Anthracotheriidae Merycopotamus dissimilis;Artiodactyla Bovidae Selenoportax lydekkeri;Artiodactyla Bovidae Selenoportax vexillarius;Artiodactyla Hippopotamidae Hexaprotodon iravaticus;Artiodactyla Hippopotamidae Hexaprotodon sivalensis;Artiodactyla Suidae Propotamochoerus hysudricus;Artiodactyla Suidae Sivachoerus prior;Artiodactyla Tragulidae Dorcabune anthracotherioides;Artiodactyla Tragulidae Dorcatherium indet.;Perissodactyla Rhinocerotidae Rhinoceros indet.;Primates Cercopithecidae Trachypithecus indet.;Proboscidea Gomphotheriidae Sinomastodon indet.;Proboscidea Stegodontidae Stegodon indet.
29070,Siwalik_Hasnot,32.81666666666667,73.3,7.246,5.333,,23,Artiodactyla Bovidae Elachistoceras khauristanensis;Artiodactyla Bovidae Gazella lydekkeri;Artiodactyla Bovidae Gazella padriensis;Artiodactyla Bovidae Miotragocerus gluten;Artiodactyla Bovidae Pachyportax giganteus;Artiodactyla Bovidae Pachyportax indet.;Artiodactyla Bovidae Pachyportax latidens;Artiodactyla Bovidae Pachyportax nagrii;Artiodactyla Bovidae Perimia falconeri;Artiodactyla Bovidae Proleptobos birmanicus;Artiodactyla Bovidae Selenoportax vexillarius;Artiodactyla Bovidae Tragoportax browni;Artiodactyla Bovidae Tragoportax perimensis;Artiodactyla Bovidae Tragoportax punjabicus;Artiodactyla Bovidae Tragoportax salmontanus;Artiodactyla Giraffidae Bramatherium perimense;Artiodactyla Giraffidae Giraffa punjabiensis;Artiodactyla Giraffidae Hydaspitherium megacephalum;Artiodactyla Giraffidae Vishnutherium iravaticum;Artiodactyla Suidae Hippopotamodon sivalense;Artiodactyla Suidae Propotamochoerus hysudricus;Artiodactyla Tragulidae Dorcatherium majus;Artiodactyla Tragulidae Dorcatherium minimus
26464,Akesai-hongyazi,39.3333333333333,94.3333333333333,7.2,5.3,,5,Artiodactyla Bovidae Gazella indet.;Artiodactyla Cervidae indet. indet.;Artiodactyla Giraffidae Palaeotragus indet.;Perissodactyla Equidae Hipparion indet.;Perissodactyla Rhinocerotidae Chilotherium indet.
27156,Chang Chia Chuang,37.04222222222219,112.990277777778,7.2,5.3,,3,Artiodactyla Bovidae Gazella gaudryi;Artiodactyla Suidae Chleuastochoerus stehlini;Proboscidea Stegodontidae Stegodon indet.
24468,Dongxiang-jiegou,35,103,7.2,5.3,,4,Artiodactyla Cervidae Cervocerus indet.;Artiodactyla Giraffidae Honanotherium indet.;Perissodactyla Equidae Hipparion indet.;Perissodactyla Rhinocerotidae Chilotherium indet.
24472,Fu-Ku-Lok.51,39.229167,110.5213888888889,7.2,5.3,,7,Artiodactyla Bovidae Plesiaddax minor;Artiodactyla Bovidae Tragocerus gregarius;Artiodactyla Bovidae Tragoportax spectabilis;Artiodactyla Giraffidae Honanotherium schlosseri;Artiodactyla Giraffidae Samotherium indet.;Perissodactyla Equidae Hipparion dermatorhinum;Perissodactyla Rhinocerotidae Chilotherium wimani
24916,Guanghe-zhuangheji-LX200019,35.5,103.5,7.2,5.3,,4,Artiodactyla Bovidae Gazella indet.;Artiodactyla Suidae Chleuastochoerus indet.;Perissodactyla Rhinocerotidae Chilotherium indet.;Perissodactyla Rhinocerotidae Dicerorhinus indet.
24918,Hezheng-heilingding-LX200035,35.3333,103.1667,7.2,5.3,,4,Artiodactyla Suidae Chleuastochoerus stehlini;Perissodactyla Equidae Hipparion indet.;Perissodactyla Rhinocerotidae Acerorhinus hezhengensis;Perissodactyla Rhinocerotidae Chilotherium wimani
24917,Hezheng-hetuo-LX200023,35.4667,103.1667,7.2,5.3,,6,Artiodactyla Cervidae Cervavitus indet.;Artiodactyla Suidae Chleuastochoerus stehlini;Perissodactyla Equidae Hipparion indet.;Perissodactyla Rhinocerotidae Acerorhinus hezhengensis;Perissodactyla Rhinocerotidae Chilotherium wimani;Perissodactyla Rhinocerotidae Dicerorhinus indet.
26445,Huachi,36.5,108,7.2,5.3,,3,Perissodactyla Equidae Hipparion coelophyes;Perissodactyla Equidae Hipparion dermatorhinum;Proboscidea Gomphotheriidae Paratetralophodon hasnotensis
24475,Huade-Heishatou,42,114,7.2,5.3,,6,Artiodactyla Cervidae Cervavitus novorossiae;Artiodactyla Cervidae indet. indet.;Artiodactyla Giraffidae Palaeotragus indet.;Perissodactyla Equidae Hipparion plocodus;Perissodactyla Equidae Sinohippus zitteli;Perissodactyla Rhinocerotidae Chilotherium habereri
24476,Huade-Tuchetse,42,114,7.2,5.3,,12,Artiodactyla Bovidae Dorcadoryx indet.;Artiodactyla Bovidae Plesiaddax indet.;Artiodactyla Cervidae Cervavitus novorossiae;Artiodactyla Cervidae Cervocerus huadeensis;Artiodactyla Cervidae indet. indet.;Artiodactyla Giraffidae Palaeotragus indet.;Artiodactyla Giraffidae Samotherium indet.;Artiodactyla Moschidae Moschus grandaevus;Perissodactyla Equidae Hipparion plocodus;Perissodactyla Equidae Sinohippus zitteli;Perissodactyla Rhinocerotidae Aceratherium huadeensis;Perissodactyla Rhinocerotidae Chilotherium habereri
26455,Huoxian-anlecun,36.4833333333333,111.666666666667,7.2,5.3,,8,Artiodactyla Bovidae Antilope indet.;Artiodactyla Bovidae Gazella gaudryi;Artiodactyla Cervidae Procapreolus indet.;Artiodactyla Giraffidae Palaeotragus microdon;Perissodactyla Chalicotheriidae Huanghotherium anlungensis;Perissodactyla Equidae Hipparion indet.;Perissodactyla Rhinocerotidae Chilotherium anderssoni;Proboscidea Mammutidae Zygolophodon indet.
24480,Jingmen-Yangjiaji-Dingjiapo,31,112,7.2,5.3,,3,Artiodactyla Tragulidae Dorcatherium progressus;Perissodactyla Equidae Hipparion platyodus;Perissodactyla Rhinocerotidae Dicerorhinus ringstroemi
26442,Jingning,35.5,105.666666666667,7.2,5.3,,5,Artiodactyla Bovidae Gazella gaudryi;Artiodactyla Cervidae indet. indet.;Artiodactyla Suidae Propotamochoerus hyotheriodes;Perissodactyla Equidae Hipparion hippidiodus;Perissodactyla Rhinocerotidae Chilotheridium indet.
24482,Jungar-Yaogou,40,112,7.2,5.3,,9,Artiodactyla Bovidae Gazella gaudryi;Artiodactyla Bovidae Gazella sinensis;Artiodactyla Bovidae Plesiaddax indet.;Artiodactyla Cervidae Muntiacus lacustris;Artiodactyla Giraffidae Palaeotragus microdon;Artiodactyla Giraffidae Samotherium indet.;Perissodactyla Equidae Hipparion dermatorhinum;Perissodactyla Equidae Hipparion plocodus;Perissodactyla Rhinocerotidae Chilotherium indet.
20923,Lantian-gongwangling-shuizigou,34.1,109.3,7.2,5.3,,5,Artiodactyla Cervidae Cervavitus novorossiae;Artiodactyla Giraffidae Honanotherium indet.;Perissodactyla Equidae Hipparion indet.;Perissodactyla Equidae indet. indet.;Perissodactyla Rhinocerotidae Chilotherium habereri
20921,Lantian-koujiacun-damiaogou,34.1,109.3,7.2,5.3,,6,Artiodactyla Bovidae Gazella gaudryi;Artiodactyla Bovidae Tragoreas indet.;Artiodactyla Giraffidae Palaeotragus indet.;Artiodactyla Suidae Chleuastochoerus stehlini;Perissodactyla Equidae Hipparion indet.;Perissodactyla Equidae indet. indet.
20922,Lantian-majiahe-yuanjiagou,34.1,109.3,7.2,5.3,,6,Artiodactyla Bovidae Gazella indet.;Artiodactyla Cervidae Cervavitus novorossiae;Artiodactyla Cervidae gen. sp.;Perissodactyla Equidae Hipparion indet.;Perissodactyla Equidae indet. indet.;Perissodactyla Rhinocerotidae indet. indet.
26440,Lushi-Redclay,34,111,7.2,5.3,,7,Artiodactyla Bovidae Gazella gaudryi;Artiodactyla Cervidae Cervocerus novonossiae;Artiodactyla Cervidae Muntiacus indet.;Artiodactyla Giraffidae Palaeotragus indet.;Artiodactyla Suidae Chleuastochoerus indet.;Perissodactyla Equidae Hipparion indet.;Perissodactyla Rhinocerotidae Chilotherium indet.
24514,Pao-Te-Lok.109,38.98175,111.165368,7.2,5.3,,9,Artiodactyla Bovidae Dorcadoryx lagrelii;Artiodactyla Bovidae Gazella altidens;Artiodactyla Bovidae Gazella dorcadoides;Artiodactyla Bovidae Gazella paotehensis;Artiodactyla Bovidae gen. sp.;Artiodactyla Cervidae Cervavitus novorossiae;Artiodactyla Giraffidae Palaeotragus microdon;Artiodactyla Suidae Chleuastochoerus stehlini;Perissodactyla Equidae Hipparion indet.
24515,Pao-Te-Lok.110,39,111,7.2,5.3,,10,Artiodactyla Bovidae Dorcadoryx lagrelii;Artiodactyla Bovidae Gazella dorcadoides;Artiodactyla Bovidae Tragoportax spectabilis;Artiodactyla Bovidae gen. sp.;Artiodactyla Cervidae indet. indet.;Artiodactyla Giraffidae Palaeotragus indet.;Artiodactyla Giraffidae Samotherium indet.;Perissodactyla Equidae Hipparion dermatorhinum;Perissodactyla Rhinocerotidae Chilotherium indet.;Proboscidea Gomphotheriidae Tetralophodon exoletus
24519,Pao-Te-Lok.44,39.026717,111.1861,7.2,5.3,,19,Artiodactyla Bovidae Dorcadoryx lagrelii;Artiodactyla Bovidae Gazella dorcadoides;Artiodactyla Bovidae Gazella paotehensis;Artiodactyla Bovidae Tragoportax spectabilis;Artiodactyla Bovidae Urmiatherium intermedium;Artiodactyla Bovidae gen. sp.;Artiodactyla Cervidae Cervavitus novorossiae;Artiodactyla Giraffidae Honanotherium schlosseri;Artiodactyla Giraffidae Palaeotragus coelophrys;Artiodactyla Giraffidae Samotherium indet.;Artiodactyla Suidae Chleuastochoerus stehlini;Artiodactyla Suidae Hippopotamodon major;Artiodactyla Suidae Propotamochoerus hyotheriodes;Perissodactyla Equidae Hipparion coelophyes;Perissodactyla Equidae Hipparion fossatum;Perissodactyla Equidae Hipparion hippidiodus;Perissodactyla Rhinocerotidae Acerorhinus palaeosinensis;Perissodactyla Rhinocerotidae Chilotherium anderssoni;Perissodactyla Rhinocerotidae Chilotherium habereri
24521,Pao-Te-Lok.52,39,111,7.2,5.3,,7,Artiodactyla Bovidae Gazella indet.;Artiodactyla Cervidae Cervavitus novorossiae;Artiodactyla Giraffidae Honanotherium schlosseri;Artiodactyla Suidae Chleuastochoerus stehlini;Perissodactyla Equidae Hipparion hippidiodus;Perissodactyla Rhinocerotidae Chilotherium habereri;Perissodactyla Rhinocerotidae Stephanorhinus orientalis
24522,Qinan-Chenggoucun,35,106,7.2,5.3,,6,Artiodactyla Bovidae Gazella indet.;Artiodactyla Bovidae gen. sp.;Perissodactyla Equidae Hipparion dermatorhinum;Perissodactyla Equidae Sinohippus zitteli;Perissodactyla Rhinocerotidae Chilotherium indet.;Proboscidea Gomphotheriidae Gomphotherium indet.
26452,Wenquan-dakusitai,45,81,7.2,5.3,,4,Artiodactyla Bovidae Gazella dorcadoides;Artiodactyla Cervidae indet. indet.;Artiodactyla Giraffidae indet. indet.;Perissodactyla Rhinocerotidae indet. indet.
24540,Wudu-longjiagou,33.6666666666667,105,7.2,5.3,,21,Artiodactyla Bovidae Gazella blacki;Artiodactyla Bovidae Gazella gaudryi;Artiodactyla Bovidae Miotragocerus indet.;Artiodactyla Cervidae Cervavitus demissus;Artiodactyla Cervidae Eostyloceros blainvillei;Artiodactyla Cervidae Metacervulus bidens;Artiodactyla Cervidae Metacervulus brevis;Artiodactyla Cervidae Muntiacus lacustris;Artiodactyla Giraffidae Honanotherium schlosseri;Artiodactyla Giraffidae Samotherium indet.;Artiodactyla Suidae Chleuastochoerus stehlini;Hyracoidea indet. indet. indet.;Perissodactyla Chalicotheriidae Anisodon wuduensis;Perissodactyla Equidae Hipparion dermatorhinum;Perissodactyla Equidae Hipparion parvum;Perissodactyla Equidae Hipparion platyodus;Perissodactyla Equidae Hipparion plocodus;Perissodactyla Rhinocerotidae Acerorhinus indet.;Perissodactyla Rhinocerotidae Chilotherium indet.;Primates Hominidae Dryopithecus wuduensis;Proboscidea Gomphotheriidae indet. indet.
26446,Xili,34.0833333333333,105.083333333333,7.2,5.3,,3,Perissodactyla Equidae Hipparion parvum;Perissodactyla Rhinocerotidae Chilotherium indet.;Proboscidea Stegodontidae Stegodon zdanskyi
24571,Zhangqiu-Balouhe,36.6666666666667,117.466666666667,7.2,5.3,,7,Artiodactyla Cervidae Cervavitus demissus;Artiodactyla Cervidae Muntiacus lacustris;Artiodactyla Suidae indet. indet.;Perissodactyla Equidae Hipparion platyodus;Perissodactyla Equidae Sinohippus zitteli;Perissodactyla Rhinocerotidae Chilotherium indet.;Proboscidea Gomphotheriidae indet. indet.
26523,Siziwangqi-wulanhua,41.9166666666667,111.666666666667,7.2,5.3,,10,Artiodactyla Bovidae Gazella gaudryi;Artiodactyla Bovidae Plesiaddax depereti;Artiodactyla Bovidae Tragoreas palaeosinensis;Artiodactyla Cervidae Cervavitus novorossiae;Artiodactyla Giraffidae Palaeotragus microdon;Artiodactyla Giraffidae Samotherium sinense;Perissodactyla Equidae Hipparion platyodus;Perissodactyla Equidae Hipparion teilhardi;Perissodactyla Equidae Sinohippus robustus;Perissodactyla Rhinocerotidae Chilotherium anderssoni
24517,Pao-Te-Lok.31,39.023083,111.184867,7.14,6.9365,,11,Artiodactyla Bovidae Dorcadoryx lagrelii;Artiodactyla Bovidae Gazella dorcadoides;Artiodactyla Bovidae Gazella paotehensis;Artiodactyla Bovidae Macrotragus shansiensis;Artiodactyla Bovidae Tragoportax spectabilis;Artiodactyla Bovidae gen. sp.;Artiodactyla Giraffidae Palaeotragus coelophrys;Artiodactyla Giraffidae Samotherium indet.;Perissodactyla Equidae Hipparion fossatum;Perissodactyla Equidae Sinohippus robustus;Perissodactyla Rhinocerotidae Chilotherium habereri
24518,Pao-Te-Lok.43,39.016049431281296,111.09194755554199,7.14,6.9365,,17,Artiodactyla Bovidae Dorcadoryx lagrelii;Artiodactyla Bovidae Gazella altidens;Artiodactyla Bovidae Gazella dorcadoides;Artiodactyla Bovidae Gazella paotehensis;Artiodactyla Bovidae Paraprotoryx minor;Artiodactyla Bovidae Tragoportax spectabilis;Artiodactyla Bovidae Urmiatherium intermedium;Artiodactyla Bovidae gen. sp.;Artiodactyla Cervidae Cervavitus novorossiae;Artiodactyla Giraffidae Palaeotragus coelophrys;Artiodactyla Giraffidae Samotherium indet.;Artiodactyla Suidae Chleuastochoerus stehlini;Perissodactyla Equidae Hipparion coelophyes;Perissodactyla Equidae Hipparion hippidiodus;Perissodactyla Rhinocerotidae Chilotherium habereri;Perissodactyla Rhinocerotidae Stephanorhinus orientalis;Proboscidea Gomphotheriidae Tetralophodon exoletus
24520,Pao-Te-Lok.49,39.00416666666667,111.17194444444443,7.14,6.9365,,18,Artiodactyla Bovidae Dorcadoryx lagrelii;Artiodactyla Bovidae Gazella dorcadoides;Artiodactyla Bovidae Gazella gaudryi;Artiodactyla Bovidae Gazella paotehensis;Artiodactyla Bovidae Palaeoryx sinensis;Artiodactyla Bovidae Urmiatherium intermedium;Artiodactyla Bovidae gen. sp.;Artiodactyla Cervidae Cervavitus novorossiae;Artiodactyla Cervidae Procapreolus latifrons;Artiodactyla Giraffidae Honanotherium schlosseri;Artiodactyla Giraffidae Palaeotragus microdon;Artiodactyla Suidae Chleuastochoerus stehlini;Artiodactyla Suidae Propotamochoerus hyotheriodes;Perissodactyla Equidae Hipparion plocodus;Perissodactyla Rhinocerotidae Acerorhinus palaeosinensis;Perissodactyla Rhinocerotidae Chilotherium indet.;Perissodactyla Rhinocerotidae Stephanorhinus orientalis;Proboscidea Mammutidae Mammut borsoni
24573,Fugu-Laogaochuan-Miaoliang,39.229167,110.52138888,7.2,5.3,,10,Artiodactyla Cervidae Cervavitus demissus;Artiodactyla Cervidae Cervavitus novorossiae;Artiodactyla Cervidae Eostyloceros blainvillei;Artiodactyla Cervidae Muntiacus lacustris;Artiodactyla Cervidae Procapreolus latifrons;Artiodactyla Giraffidae Honanotherium indet.;Artiodactyla Suidae Chleuastochoerus stehlini;Perissodactyla Equidae Hipparion platyodus;Perissodactyla Rhinocerotidae Acerorhinus indet.;Proboscidea Gomphotheriidae indet. indet.
28211,Ho-qu-114,39.4166666666667,111.416666666667,7.1,5.3,,11,Artiodactyla Bovidae Gazella dorcadoides;Artiodactyla Bovidae Gazella gaudryi;Artiodactyla Bovidae Gazella paotehensis;Artiodactyla Bovidae Plesiaddax depereti;Artiodactyla Bovidae Tragoreas lagrelii;Artiodactyla Giraffidae Palaeotragus coelophrys;Artiodactyla Giraffidae Palaeotragus microdon;Artiodactyla Giraffidae Samotherium decipiens;Artiodactyla Suidae Hippopotamodon major;Perissodactyla Equidae Hipparion indet.;Perissodactyla Rhinocerotidae Chilotherium indet.
24474,Hsin-An-Loc.12,34.6,112.2,7.1,5.3,,7,Artiodactyla Bovidae Gazella gaudryi;Artiodactyla Cervidae Cervavitus novorossiae;Artiodactyla Giraffidae Honanotherium schlosseri;Artiodactyla Suidae Chleuastochoerus stehlini;Perissodactyla Equidae Hipparion ptychodus;Perissodactyla Rhinocerotidae Acerorhinus palaeosinensis;Perissodactyla Rhinocerotidae Stephanorhinus orientalis
24485,Qingyang-Lok.115,36,108,7.1,5.3,,10,Artiodactyla Bovidae Gazella dorcadoides;Artiodactyla Bovidae Gazella paotehensis;Artiodactyla Bovidae Urmiatherium intermedium;Artiodactyla Bovidae gen. sp.;Artiodactyla Giraffidae Palaeotragus microdon;Artiodactyla Giraffidae Samotherium neumayri;Artiodactyla Giraffidae Samotherium sinense;Artiodactyla Suidae Chleuastochoerus stehlini;Perissodactyla Equidae Hipparion hippidiodus;Perissodactyla Rhinocerotidae Chilotherium indet.
24486,Qingyang-Lok.116,36,108,7.1,5.3,,11,Artiodactyla Bovidae Gazella dorcadoides;Artiodactyla Bovidae Gazella paotehensis;Artiodactyla Bovidae Macrotragus planifrons;Artiodactyla Bovidae Palaeoryx indet.;Artiodactyla Bovidae Prosinotragus tenuicornis;Artiodactyla Bovidae Urmiatherium intermedium;Artiodactyla Bovidae gen. sp.;Artiodactyla Giraffidae Palaeotragus microdon;Artiodactyla Giraffidae Samotherium neumayri;Artiodactyla Giraffidae Samotherium sinense;Perissodactyla Equidae Hipparion kreugeri
24528,Songshan-Loc.2,36.9647222222222,103.290555555556,7.1,5.3,,13,Artiodactyla Bovidae Dorcadoryx triquetricornis;Artiodactyla Bovidae Gazella gaudryi;Artiodactyla Bovidae Sinotragus indet.;Artiodactyla Bovidae gen. sp.;Artiodactyla Cervidae Muntiacus lacustris;Artiodactyla Giraffidae Palaeotragus coelophrys;Artiodactyla Giraffidae Samotherium indet.;Perissodactyla Chalicotheriidae Chalicotherium indet.;Perissodactyla Equidae Hipparion indet.;Perissodactyla Rhinocerotidae Acerorhinus tianzhuense;Perissodactyla Rhinocerotidae Chilotherium anderssoni;Perissodactyla Rhinocerotidae Chilotherium habereri;Perissodactyla Rhinocerotidae Stephanorhinus ringstroemi
24529,Songshan-Loc.3,36.9602777777778,103.279444444444,7.1,5.3,,11,Artiodactyla Bovidae Gazella gaudryi;Artiodactyla Bovidae Pachygazella grangeri;Artiodactyla Bovidae Sinotragus indet.;Artiodactyla Bovidae gen. sp.;Artiodactyla Giraffidae Palaeotragus coelophrys;Artiodactyla Giraffidae Palaeotragus microdon;Perissodactyla Equidae Hipparion indet.;Perissodactyla Rhinocerotidae Acerorhinus tianzhuense;Perissodactyla Rhinocerotidae Chilotherium anderssoni;Perissodactyla Rhinocerotidae Chilotherium habereri;Perissodactyla Rhinocerotidae Stephanorhinus ringstroemi
24541,Wu-Hsiang-Loc.71,36.8,112.8,7.1,5.3,,4,Artiodactyla Cervidae Cervavitus novorossiae;Artiodactyla Suidae Chleuastochoerus stehlini;Perissodactyla Equidae Hipparion indet.;Perissodactyla Rhinocerotidae Chilotherium indet.
24542,Wu-Hsiang-loc.78,36.8,112.9,7.1,5.3,,8,Artiodactyla Bovidae Gazella gaudryi;Artiodactyla Bovidae Gazella paotehensis;Artiodactyla Bovidae Tragoreas indet.;Artiodactyla Cervidae Cervavitus novorossiae;Artiodactyla Giraffidae Honanotherium schlosseri;Artiodactyla Giraffidae Palaeotragus coelophrys;Artiodactyla Suidae Chleuastochoerus stehlini;Perissodactyla Equidae Hipparion ptychodus
24543,Wu-Hsiang-Lok.70,36.8,112.9,7.1,5.3,,7,Artiodactyla Bovidae Gazella gaudryi;Artiodactyla Bovidae Tragoreas lagrelii;Artiodactyla Cervidae Cervavitus novorossiae;Artiodactyla Giraffidae Honanotherium schlosseri;Artiodactyla Giraffidae Palaeotragus coelophrys;Artiodactyla Suidae Chleuastochoerus stehlini;Perissodactyla Equidae Hipparion platyodus
24544,Wu-Hsiang-Lok.73,36.8,112.9,7.1,5.3,,8,Artiodactyla Bovidae Gazella gaudryi;Artiodactyla Bovidae Tragoreas indet.;Artiodactyla Cervidae Cervavitus novorossiae;Artiodactyla Cervidae Eostyloceros blainvillei;Artiodactyla Giraffidae Honanotherium schlosseri;Artiodactyla Suidae Chleuastochoerus stehlini;Perissodactyla Equidae Hipparion platyodus;Perissodactyla Rhinocerotidae Stephanorhinus orientalis
20943,Yushe-hounao,37,112.9,7.1,5.3,,6,Artiodactyla Cervidae Cervavitus novorossiae;Artiodactyla Cervidae Metacervulus lepidus;Artiodactyla Cervidae Paracervulus attenuatus;Artiodactyla Suidae Chleuastochoerus stehlini;Perissodactyla Equidae Hipparion houfenense;Proboscidea Stegodontidae Stegodon licenti
23196,Tha Chang 2,15,102.333,7.1,5.3,,15,Artiodactyla Anthracotheriidae Hemimeryx indet.;Artiodactyla Anthracotheriidae Merycopotamus thachangensis;Artiodactyla Bovidae Duboisia santeng;Artiodactyla Bovidae indet. indet.;Artiodactyla Giraffidae Bramatherium indet.;Artiodactyla Giraffidae Samotherium indet.;Artiodactyla Suidae Hippopotamodon indet.;Artiodactyla Suidae Tetraconodon indet.;Perissodactyla Equidae Hipparion indet.;Perissodactyla Rhinocerotidae Aceratherium porpani;Perissodactyla Rhinocerotidae Acerorhinus palaeosinensis;Perissodactyla Rhinocerotidae Chilotheridium indet.;Proboscidea Mammutidae Zygolophodon indet.;Proboscidea Stegodontidae Stegodon indet.;Proboscidea Stegodontidae Stegolophodon stegodontoides
24496,Lantian-42,34.17916666666667,109.255,6.733,6.5845,,9,Artiodactyla Bovidae Gazella sp.;Artiodactyla Cervidae Cervavitus novorossiae;Artiodactyla Cervidae Procapreolus latifrons;Artiodactyla Giraffidae Palaeotragus microdon;Artiodactyla Suidae Chleuastochoerus stehlini;Perissodactyla Equidae Hipparion hippidiodus;Perissodactyla Equidae Hipparion sp.;Perissodactyla Rhinocerotidae Acerorhinus palaeosinensis;Perissodactyla Rhinocerotidae Chilotherium habereri
20919,Lantian-jiulaopo-s3,34.1,109.3,6.733,6.436,,6,Artiodactyla Bovidae Gazella gaudryi;Artiodactyla Cervidae Cervavitus indet.;Artiodactyla Suidae Chleuastochoerus stehlini;Artiodactyla Suidae Hippopotamodon major;Perissodactyla Equidae Hipparion plocodus;Perissodactyla Equidae indet. indet.
24513,Pao-Te-Lok.108,39.002183,111.165867,6.5845,6.436,,10,Artiodactyla Bovidae Dorcadoryx lagrelii;Artiodactyla Bovidae Gazella dorcadoides;Artiodactyla Bovidae Gazella paotehensis;Artiodactyla Bovidae Urmiatherium intermedium;Artiodactyla Bovidae gen. sp.;Artiodactyla Cervidae indet. indet.;Artiodactyla Giraffidae Palaeotragus coelophrys;Artiodactyla Giraffidae Palaeotragus microdon;Perissodactyla Equidae Hipparion forstenae;Perissodactyla Rhinocerotidae Chilotherium indet.
29074,Zhaotong_shuitangba,27.328333333333333,103.73694444444445,6.436,6.033,,9,Artiodactyla Bovidae Gazella indet.;Artiodactyla Cervidae Muntiacus indet.;Artiodactyla Suidae Propotamochoerus indet.;Perissodactyla Rhinocerotidae gen. sp.;Perissodactyla Tapiridae Tapirus yunnanensis;Primates Cercopithecidae Mesopithecus pentelicus;Primates Hominidae Lufengpithecus lufengensis;Proboscidea Gomphotheriidae Sinomastodon indet.;Proboscidea Stegodontidae Stegodon zhaotongensis
29056,Tibet Zanda ZD0609 II,31.1,82.35,7.1,5.3,,3,Artiodactyla Bovidae Qurliqnoria sp.;Artiodactyla Giraffidae Palaeotragus indet.;Perissodactyla Equidae Hipparion indet.
29065,Yangyi,25.111944444444447,99.16166666666668,6.033,5.634,,7,Artiodactyla Cervidae Axis indet.;Perissodactyla Rhinocerotidae Chilotherium yunnaensis;Primates Adapidae Sinoadapis shihuibaensis;Primates Hominidae Lufengpithecus indet.;Proboscidea Mammutidae Zygolophodon indet.;Proboscidea Stegodontidae Stegodon elephantoides;Proboscidea Stegodontidae Stegolophodon yanyiensis
24516,Pao-Te-Lok.30,38.985448,111.175645,5.767,5.501,,16,Artiodactyla Bovidae Dorcadoryx lagrelii;Artiodactyla Bovidae Gazella dorcadoides;Artiodactyla Bovidae Gazella paotehensis;Artiodactyla Bovidae Plesiaddax depereti;Artiodactyla Bovidae Sinotragus wimani;Artiodactyla Bovidae Tragoportax spectabilis;Artiodactyla Bovidae Urmiatherium intermedium;Artiodactyla Bovidae gen. sp.;Artiodactyla Cervidae Cervavitus novorossiae;Artiodactyla Giraffidae Palaeotragus microdon;Artiodactyla Giraffidae Samotherium indet.;Artiodactyla Suidae Chleuastochoerus stehlini;Perissodactyla Equidae Hipparion dermatorhinum;Perissodactyla Equidae Hipparion forstenae;Perissodactyla Rhinocerotidae Chilotherium anderssoni;Perissodactyla Rhinocerotidae Sinotherium lagrelii

,Pliocene,,,5.333,2.5,,,
29068,Zhaotong,27.33833333333333,103.7175,5.333,3.9565,,9,Artiodactyla Cervidae Muntiacus indet.;Artiodactyla Suidae Sus indet.;Perissodactyla Equidae Equus indet.;Perissodactyla Equidae Equus yunnanensis;Perissodactyla Tapiridae Tapirus indet.;Proboscidea Elephantidae Elephas indet.;Proboscidea Gomphotheriidae Rhynchotherium huananensis;Proboscidea Mammutidae Zygolophodon indet.;Proboscidea Stegodontidae Stegodon zhaotongensis
27060,Gwebin,21,94.6666666666667,5.333,2.58,,11,Artiodactyla Anthracotheriidae Merycopotamus indet.;Artiodactyla Bovidae Bos indet.;Artiodactyla Bovidae Capricornis indet.;Artiodactyla Hippopotamidae Hexaprotodon indet.;Artiodactyla Suidae Propotamochoerus indet.;Artiodactyla Tragulidae Dorcabune indet.;Perissodactyla Chalicotheriidae Nestoritherium indet.;Perissodactyla Rhinocerotidae Dicerorhinus gwebinensis;Perissodactyla Rhinocerotidae Rhinoceros indet.;Proboscidea Stegodontidae Stegodon elephantoides;Proboscidea Stegodontidae Stegodon insignis
20636,Gaozhuang,37.28666666666666,113.119,5.3,3.55,,6,Artiodactyla Camelidae Paracamelus indet.;Artiodactyla Cervidae Paracervulus indet.;Perissodactyla Equidae Hipparion houfenense;Perissodactyla Equidae Proboscidipparion pater;Proboscidea Mammutidae Mammut borsoni;Proboscidea Stegodontidae Stegodon zdanskyi
24919,Guanghe-shilidun-LX200014,35.5,103.5,5.3,5,,7,Artiodactyla Bovidae Protoryx indet.;Artiodactyla Bovidae Sinotragus indet.;Artiodactyla Cervidae Cervavitus novorossiae;Artiodactyla Giraffidae Palaeotragus indet.;Artiodactyla Giraffidae Samotherium indet.;Perissodactyla Equidae Hipparion indet.;Perissodactyla Rhinocerotidae Shansirhinus ringstromi
26463,Guide-heerjia,36,101.5,5.235,4.3965,,5,Artiodactyla Bovidae Gazella kueitensis;Artiodactyla Cervidae Axis shansius;Perissodactyla Equidae Hipparion indet.;Perissodactyla Rhinocerotidae Chilotherium indet.;Proboscidea Gomphotheriidae Anancus sinensis
24560,Yushe-Gaozhuang,37,113,5.3,3.55,,6,Artiodactyla Camelidae Paracamelus indet.;Artiodactyla Cervidae Paracervulus indet.;Perissodactyla Equidae Hipparion houfenense;Perissodactyla Equidae Proboscidipparion pater;Proboscidea Mammutidae Mammut borsoni;Proboscidea Stegodontidae Stegodon zdanskyi
24631,Gaotege,43.4986,115.443888888889,5,3.55,,5,Artiodactyla Bovidae Gazella indet.;Artiodactyla Cervidae indet. indet.;Perissodactyla Equidae Hipparion huangheense;Perissodactyla Equidae Hipparion insperatum;Proboscidea indet. indet. indet.
26454,Yuanmou-dabanguo,25.6666666666667,101.166666666667,3.4,2.6,,6,Artiodactyla Suidae indet. indet.;Perissodactyla Equidae Hipparion indet.;Perissodactyla Rhinocerotidae Chilotherium indet.;Perissodactyla Rhinocerotidae Shansirhinus ringstromi;Proboscidea Stegodontidae Stegodon banguoensis;Proboscidea Stegodontidae Stegolophodon primitium
20947,Yushe-YS156,37,112.9,5.3,2.6,,4,Artiodactyla Cervidae Procapreolus jinensis;Artiodactyla Moschidae Moschus indet.;Perissodactyla Equidae Hipparion indet.;Perissodactyla Rhinocerotidae Chilotherium indet.
29067,Yuanmou_shagou,25.673055555555557,101.91222222222223,5,2.5,,5,Artiodactyla Cervidae Muntiacus nanus;Perissodactyla Rhinocerotidae Rhinoceros indet.;Proboscidea Stegodontidae Stegodon elephantoides;Proboscidea Stegodontidae Stegodon zhaotongensis;Proboscidea Stegodontidae Stegolophodon stegodontoides
20964,Daodi_Laowogou_I,39.9,114.5,3.55,2.5,,5,Artiodactyla Bovidae Antilospira indet.;Artiodactyla Cervidae Axis shansius;Artiodactyla Cervidae Cervus indet.;Perissodactyla Equidae Proboscidipparion sinense;Perissodactyla Rhinocerotidae Chilotherium indet.
29078,Leijiahe_large mammal I,35.06666666666667,107.72500000000001,4.415333333333334,3.4976666666666665,,4,Artiodactyla Bovidae Gazella nihensis;Perissodactyla Equidae Hipparion houfenense;Perissodactyla Equidae Hipparion pater;Perissodactyla Rhinocerotidae Acerorhinus indet.
28319,Tibet Zanda (general locality),31.56527777777778,79.84805555555555,4.187,3.596,,6,Artiodactyla Bovidae Antilospira indet.;Artiodactyla Bovidae Protovis himalayensis;Artiodactyla Bovidae Qurliqnoria sp.;Artiodactyla Cervidae Cervavitus indet.;Perissodactyla Equidae Hipparion zandaense;Perissodactyla Rhinocerotidae Coelodonta thibetana
29060,Tibet Yuzhu,35.64722222222222,94.05555555555556,4.187,3.596,,4,Artiodactyla Bovidae Qurliqnoria sp.;Artiodactyla Bovidae indet. indet.;Perissodactyla Equidae Hipparion pater;Perissodactyla Rhinocerotina indet. indet.
29090,Saketi_Upper,31.37,77.44,3.9565,2.58,,16,Artiodactyla Bovidae Gazella indet.;Artiodactyla Bovidae Proamphibos kashmiricus;Artiodactyla Bovidae Probison dehmi;Artiodactyla Camelidae Camelus sivalensis;Artiodactyla Giraffidae Hydaspitherium megacephalum;Artiodactyla Giraffidae Sivatherium giganteum;Artiodactyla Hippopotamidae Hexaprotodon sivajavanicus;Artiodactyla Hippopotamidae Hexaprotodon sivalensis;Artiodactyla Suidae Hippohyus tatroti;Artiodactyla Suidae Propotamochoerus hyotheriodes;Artiodactyla Suidae Sivachoerus indet.;Perissodactyla Equidae Hipparion indet.;Proboscidea Elephantidae Elephas planifrons;Proboscidea Gomphotheriidae Anancus khetpuraliensis;Proboscidea Stegodontidae Stegodon bombifrons;Proboscidea Stegodontidae Stegodon insignis
29100,Linxia_Duikang,35.42777777777778,103.54666666666667,5.3,2.6,,8,Artiodactyla Bovidae Gazella blacki;Artiodactyla Cervidae Cervavitus novorossiae;Perissodactyla Chalicotheriidae Ancylotherium indet.;Perissodactyla Chalicotheriidae Hesperotherium indet.;Perissodactyla Equidae Hipparion hippidiodus;Perissodactyla Equidae Hipparion pater;Perissodactyla Equidae Hipparion platyodus;Perissodactyla Rhinocerotidae Shansirhinus ringstromi
29103,Yuxian_Huabaogou_I,40.1,114.70277777777778,3.55,2.5,,5,Artiodactyla Bovidae Antispiroides hopeiensis;Artiodactyla Bovidae Gazella blacki;Artiodactyla Bovidae Sinoryx indet.;Hyracoidea Pliohyracidae Postschizotherium indet.;Perissodactyla Equidae Hipparion houfenense
23055,Yuxian_Huabaogou_II,40.1,114.70277777777778,5,3.55,,3,Artiodactyla Bovidae Gazella blacki;Artiodactyla Giraffidae Palaeotragus indet.;Perissodactyla Equidae Hipparion hippidiodus
20638,Yuxian-Dongyaozitou,40.09027777777778,114.72333333333333,3.032,2.581,,9,Artiodactyla Bovidae Antilospira yuxianensis;Artiodactyla Bovidae Gazella sinensis;Artiodactyla Camelidae Paracamelus indet.;Artiodactyla Cervidae Axis indet.;Artiodactyla Giraffidae Palaeotragus progressus;Perissodactyla Equidae Hipparion houfenense;Perissodactyla Equidae Proboscidipparion sinense;Perissodactyla Rhinocerotidae Coelodonta nihowanensis;Proboscidea Mammutidae Mammut borsoni
